Calça;Jeans;PP;90
Calça;Jeans;P;90
Calça;Jeans;M;90
Calça;Jeans;G;90
Calça;Jeans;GG;90
Legging;Preto;PP;75
Legging;Preto;P;75
Legging;Preto;M;75
Legging;Preto;G;75
Legging;Preto;GG;75
Legging;Azul;PP;75
Legging;Azul;P;75
Legging;Azul;M;75
Legging;Azul;G;75
Legging;Azul;GG;75
Legging;Cinza;PP;75
Legging;Cinza;P;75
Legging;Cinza;M;75
Legging;Cinza;G;75
Legging;Cinza;GG;75
Top;Preto;PP;60
Top;Preto;P;60
Top;Preto;M;60
Top;Preto;G;60
Top;Preto;GG;60
Top;Azul;PP;60
Top;Azul;P;60
Top;Azul;M;60
Top;Azul;G;60
Top;Azul;GG;60
Top;Cinza;PP;60
Top;Cinza;P;60
Top;Cinza;M;60
Top;Cinza;G;60
Top;Cinza;GG;60
Top;Rosa;PP;60
Top;Rosa;P;60
Top;Rosa;M;60
Top;Rosa;G;60
Top;Rosa;GG;60
Short;Preto;PP;45
Short;Preto;P;45
Short;Preto;M;45
Short;Preto;G;45
Short;Preto;GG;45
Short;Estampa 1;PP;45
Short;Estampa 1;P;45
Short;Estampa 1;M;45
Short;Estampa 1;G;45
Short;Estampa 1;GG;45
Short;Branco;PP;45
Short;Branco;P;45
Short;Branco;M;45
Short;Branco;G;45
Short;Branco;GG;45
Short;Estampa 2;PP;45
Short;Estampa 2;P;45
Short;Estampa 2;M;45
Short;Estampa 2;G;45
Short;Estampa 2;GG;45
Camisa;Branco;PP;50
Camisa;Branco;P;50
Camisa;Branco;M;50
Camisa;Branco;G;50
Camisa;Branco;GG;50
Camisa;Preto;PP;50
Camisa;Preto;P;50
Camisa;Preto;M;50
Camisa;Preto;G;50
Camisa;Preto;GG;50
Camisa;Azul;PP;50
Camisa;Azul;P;50
Camisa;Azul;M;50
Camisa;Azul;G;50
Camisa;Azul;GG;50
Camisa;Verde;PP;50
Camisa;Verde;P;50
Camisa;Verde;M;50
Camisa;Verde;G;50
Camisa;Verde;GG;50
Camisa;Vermelho;PP;50
Camisa;Vermelho;P;50
Camisa;Vermelho;M;50
Camisa;Vermelho;G;50
Camisa;Vermelho;GG;50
Camisa;Cinza;PP;50
Camisa;Cinza;P;50
Camisa;Cinza;M;50
Camisa;Cinza;G;50
Camisa;Cinza;GG;50
Camisa;Rosa;PP;50
Camisa;Rosa;P;50
Camisa;Rosa;M;50
Camisa;Rosa;G;50
Camisa;Rosa;GG;50
Camisa;Estampa 3;PP;50
Camisa;Estampa 3;P;50
Camisa;Estampa 3;M;50
Camisa;Estampa 3;G;50
Camisa;Estampa 3;GG;50
Camisa;Estampa 4;PP;50
Camisa;Estampa 4;P;50
Camisa;Estampa 4;M;50
Camisa;Estampa 4;G;50
Camisa;Estampa 4;GG;50
Camisa;Estampa 5;PP;50
Camisa;Estampa 5;P;50
Camisa;Estampa 5;M;50
Camisa;Estampa 5;G;50
Camisa;Estampa 5;GG;50
Meia;Preto;36;15
Meia;Preto;38;15
Meia;Preto;40;15
Meia;Preto;42;15
Meia;Preto;44;15
Meia;Branco;36;15
Meia;Branco;38;15
Meia;Branco;40;15
Meia;Branco;42;15
Meia;Branco;44;15
